"rep","scenario","year","meanG_S1","varG_S1","genicVarA_S1","accuracy_S2","accuracy_cand","nCandidates","nParentsUsed","nCrossesUsed","nKept","Ft0","Ft1","dF1","propParents_S2","propCrosses_S2","propProgeny_S2","time"
26,"COMA_S2S3S4",1,-0.112402304557823,0.871271384972967,0.697136678931995,0.37910763008654,NA,NA,40,100,30,0,0.01,1,NA,NA,NA,NA
26,"COMA_S2S3S4",2,0.666853210446286,0.97816935636187,0.684134264385109,0.406595670785331,NA,NA,40,100,30,0,0.025,2.5,NA,NA,NA,NA
26,"COMA_S2S3S4",3,1.19884295817531,1.22105105177513,0.687476755978124,0.385484424183844,NA,NA,40,100,30,0,0.025,2.5,NA,NA,NA,NA
26,"COMA_S2S3S4",4,1.88793178753543,0.744653927533916,0.674680441162108,0.366624288892577,NA,NA,40,100,30,0,0.04,4,NA,NA,NA,NA
26,"COMA_S2S3S4",5,2.2773561536905,0.49349263991467,0.664479856328073,0.431810005517286,NA,NA,40,100,30,0,0.0425,4.25,NA,NA,NA,NA
26,"COMA_S2S3S4",6,2.21547573825046,0.48240926990283,0.651372881983181,0.356030273669824,NA,NA,40,100,30,0.0125,0.03125,1.89873417721519,NA,NA,NA,NA
26,"COMA_S2S3S4",7,2.41623302609934,0.497619391877902,0.653242101542277,0.315660660617595,NA,NA,40,100,30,0.03125,0.039375,0.838709677419355,NA,NA,NA,NA
26,"COMA_S2S3S4",8,2.62797877526196,0.610364461089952,0.646719247040143,0.307048909434635,NA,NA,40,100,30,0.04375,0.045625,0.196078431372554,NA,NA,NA,NA
26,"COMA_S2S3S4",9,3.0813971847306,0.579869033304016,0.647131612890494,0.315194832005146,NA,NA,40,100,30,0.065625,0.0590625,-0.702341137123747,NA,NA,NA,NA
26,"COMA_S2S3S4",10,3.53110776238094,0.442918506819729,0.640832224459151,0.348788290464465,NA,NA,40,100,30,0.059375,0.0721875,1.36212624584718,NA,NA,NA,NA
26,"COMA_S2S3S4",11,3.67117307254919,0.410647055615171,0.639352178814035,0.300115276157491,NA,NA,40,100,30,0.046875,0.0634375,1.73770491803279,NA,NA,NA,NA
26,"COMA_S2S3S4",12,3.74783119305125,0.442736862934381,0.637739591761105,0.318125049759864,NA,NA,40,100,30,0.046875,0.0675,2.16393442622951,NA,NA,NA,NA
26,"COMA_S2S3S4",13,3.82205235741975,0.43533063564731,0.637454497548091,0.311723618424376,NA,NA,40,100,30,0.0421875,0.073046875,3.22185970636215,NA,NA,NA,NA
26,"COMA_S2S3S4",14,4.21224618331604,0.590509396154224,0.640939579310567,0.290710674455266,NA,NA,40,100,30,0.05390625,0.065078125,1.18084227910817,NA,NA,NA,NA
26,"COMA_S2S3S4",15,4.4678257642699,0.511879629586488,0.627569137331256,0.351810999924196,NA,NA,40,100,30,0.0648437499999996,0.0742968749999999,1.01086048454473,NA,NA,NA,NA
26,"COMA_S2S3S4",16,4.76883984717651,0.475009936974323,0.627579853555949,0.301171177781559,NA,NA,40,100,30,0.0695312499999998,0.0799218749999999,1.11670864819481,NA,NA,NA,NA
26,"COMA_S2S3S4",17,4.94125825751308,0.385017209543829,0.617081030098733,0.372015759285371,NA,NA,40,100,30,0.0632812499999997,0.0730078125,1.03836530442037,NA,NA,NA,NA
26,"COMA_S2S3S4",18,4.96700316670664,0.389532657534835,0.624210231713049,0.32120521230344,NA,NA,40,100,30,0.069140625,0.0826171875,1.44775493075955,NA,NA,NA,NA
26,"COMA_S2S3S4",19,5.16650472427841,0.451875941497389,0.619747948060851,0.282238641310483,NA,NA,40,100,30,0.0697265624999996,0.0882226562499999,1.98824270417806,NA,NA,NA,NA
26,"COMA_S2S3S4",20,5.32028945470286,0.473401742251241,0.616278009858216,0.311872848775147,NA,NA,40,100,30,0.080859375,0.089609375,0.951976200594989,NA,NA,NA,NA
26,"COMA_S2S3S4",21,5.7055409187627,0.481744547029636,0.603828320053977,0.624582900192295,0.628759554767602,1260,52,88,4,0.0820312499999998,0.0961962890624999,1.543085106383,0.59375,0.838789682539683,0.589085362747287,12.2073693831762
26,"COMA_S2S3S4",22,6.32764173610694,0.53943551641041,0.580843782508393,0.692328701035268,0.691220379109943,1238,53,86,30,0.0815521816037734,0.1087841796875,2.96500220679695,0.385964912280702,0.62719298245614,0.262030686528321,10.3203829805056
26,"COMA_S2S3S4",23,6.47005643294949,0.582949788993613,0.572971249359492,0.660379123787908,0.66913870283095,1250,48,83,19,0.0909016927083333,0.1088671875,1.97618834482142,0.449275362318841,0.700341005967604,0.429798346197896,10.5370750864347
26,"COMA_S2S3S4",24,6.68250212277228,0.444959425780392,0.569753097654817,0.599974037810175,0.582780727813181,1245,44,90,7,0.0914639559659089,0.109111328125,1.94239648222793,0.78,0.955065359477124,0.8428127672174,10.1741145769755
26,"COMA_S2S3S4",25,7.32187883372941,0.482982326971936,0.53373650633278,0.646125646754107,0.660177280135684,1226,33,66,11,0.105143229166667,0.133702392578125,3.19147871953439,0.581395348837209,0.830376940133038,0.646191098949945,10.5623911499977
26,"COMA_S2S3S4",26,7.94144639863569,0.389225550156707,0.500880981641681,0.610944709217435,0.680884288607172,1232,34,71,12,0.116124770220588,0.1194677734375,0.378221167906944,0.477272727272727,0.732558139534884,0.411656527493162,10.4381891012192
26,"COMA_S2S3S4",27,8.19983735905489,0.360516605085109,0.504454103765144,0.599744382720679,0.601018437810362,1233,41,76,11,0.136516291920731,0.128225402832031,-0.960167402248105,0.571428571428571,0.821428571428571,0.484637762426813,10.2364955385526
26,"COMA_S2S3S4",28,8.44610531930328,0.344850824961369,0.505322101504026,0.628944534599653,0.631381225071218,1234,31,69,10,0.152520948840726,0.147850341796875,-0.551117698716171,0.5,0.758928571428571,0.471262407130234,9.12377615769704
26,"COMA_S2S3S4",29,8.92989279154122,0.432496367370041,0.470020112381177,0.629155673397934,0.657350533993681,1229,32,70,10,0.110454559326171,0.151065979003906,4.56541260522588,0.53125,0.788306451612903,0.470494206356018,9.07721776167552
26,"COMA_S2S3S4",30,9.26511772362563,0.331517020660147,0.450255665375225,0.544272268411571,0.565052605148977,1230,45,93,13,0.123551432291666,0.136328582763672,1.45783231814894,0.672413793103448,0.893125,0.660712047162801,9.77163014014562
26,"COMA_S2S3S4",31,9.36204358326806,0.308719714849427,0.459136310568667,0.708765162513172,0.687979580692362,1232,41,80,10,0.165612197503811,0.156861801147461,-1.04872055058472,0.636363636363636,0.873150105708245,0.720876468118925,9.23157893021901
26,"COMA_S2S3S4",32,10.0072890268019,0.324522160114176,0.411961855600396,0.626416384534848,0.642660237415661,1232,39,72,11,0.172698192107371,0.178013839721679,0.642528224113141,0.651162790697674,0.883720930232558,0.613057192166669,8.95170385440191
26,"COMA_S2S3S4",33,10.3646956737178,0.323665444776948,0.39030791394017,0.468240739685897,0.541316586182205,1231,40,81,14,0.165333366394042,0.164504699707031,-0.0992811565296701,0.577777777777778,0.827272727272727,0.534285209725267,9.92920213143031
26,"COMA_S2S3S4",34,10.2522498904887,0.279112431501793,0.405915821998863,0.570014217707328,0.553051539550289,1235,42,83,8,0.138567606608073,0.163588066101074,2.90451806606464,0.673076923076923,0.897280966767372,0.742776591909258,9.8813715616862
26,"COMA_S2S3S4",35,10.7614725589803,0.342669625102692,0.371138647863089,0.662283374600363,0.65638757754331,1229,30,75,8,0.181730906168619,0.176354026794433,-0.657104052287921,0.636363636363636,0.875,0.720159703815288,9.66422841946284
26,"COMA_S2S3S4",36,11.1827732812068,0.288332207555118,0.352740655397624,0.560831663704821,0.642304576966249,1228,35,72,10,0.168457358224052,0.174963788986206,0.782453049943238,0.547619047619048,0.801393728222996,0.426720402319464,8.77300594647725
26,"COMA_S2S3S4",37,11.182358606915,0.277765689145077,0.356335236389316,0.554042120744846,0.541631882447229,1233,45,90,10,0.151736323038737,0.163968081474304,1.44197597607679,0.573770491803279,0.822307271733188,0.577133244596193,9.68394688367844
26,"COMA_S2S3S4",38,11.4856643199553,0.256137897263938,0.327009437228705,0.516966410703345,0.514377302180848,1236,45,84,18,0.160868072509765,0.187343158721924,3.15505647501018,0.509090909090909,0.78134110787172,0.470019657200943,9.1766389966011
26,"COMA_S2S3S4",39,11.8220237854882,0.239268299273634,0.310908660025961,0.552969533188543,0.587368179715122,1240,60,95,18,0.19015746116638,0.193143835067748,0.36875982159064,0.454545454545455,0.70442842430484,0.43732621502971,10.7847566843033
26,"COMA_S2S3S4",40,12.0491270375788,0.196433207065356,0.300600652703163,0.463058901280974,0.501510781456325,1254,58,91,15,0.167184270661451,0.177066222429275,1.1865712209437,0.675,0.897151898734177,0.646684256445142,10.9300610780716
26,"COMA_S2S3S4",41,11.9405896345526,0.241562722817693,0.305932688506732,0.521316238496151,0.502421788157193,1242,45,84,15,0.18026394314236,0.191920446157455,1.42198246832996,0.527272727272727,0.783783783783784,0.597050243039611,10.2121243278186
26,"COMA_S2S3S4",42,12.2723752702787,0.180756401702133,0.279285003036596,0.560639254275282,0.548461633022434,1236,42,93,12,0.184229220662798,0.197520492076874,1.62928996119163,0.611111111111111,0.853249475890985,0.59445180094488,9.31370162169139
26,"COMA_S2S3S4",43,12.6377913948263,0.187220487973005,0.268004353130597,0.503991591514321,0.543720653783274,1231,60,93,15,0.183243052164715,0.196661705970765,1.6429188440471,0.608108108108108,0.848767737117252,0.619407510769076,10.7662862062454
26,"COMA_S2S3S4",44,12.5843175797229,0.159879942804795,0.271460730773097,0.539225390716917,0.500433223538537,1240,56,91,16,0.198590365903718,0.198020479679108,-0.0711104783826541,0.626666666666667,0.863685539127299,0.621379039415901,11.1741773525874
26,"COMA_S2S3S4",45,12.8344349378849,0.176765082563245,0.245703337117934,0.404584505970101,0.401274958830129,1238,44,92,15,0.206939893690023,0.216594128310681,1.21733958672785,0.616666666666667,0.857062146892655,0.533612640691757,9.61039581298828
26,"COMA_S2S3S4",46,13.1047108368496,0.16659620509829,0.235426548542373,0.378258762601455,0.447292798271122,1230,36,70,17,0.202709930638471,0.203734558150172,0.128513768210025,0.409090909090909,0.656448202959831,0.415278554157403,10.2173013091087
26,"COMA_S2S3S4",47,13.1661421014792,0.157111883335033,0.233780028568975,0.465283993345704,0.425177714551793,1237,45,92,10,0.207796219322415,0.205548763275146,-0.283696708105421,0.69811320754717,0.912790697674419,0.717360879797522,9.38366486231486
26,"COMA_S2S3S4",48,13.2294439814785,0.132511398212192,0.227064093937976,0.219890844707384,0.254514448369966,1232,36,77,11,0.20827246995436,0.221917577795685,1.72346006972106,0.510204081632653,0.767064846416382,0.526699478686791,10.5827389796575
26,"COMA_S2S3S4",49,13.4551973845137,0.115385216827777,0.209326697154712,0.325872335883558,0.35662192450846,1234,54,82,18,0.189014134031755,0.218820331003517,3.67530412335557,0.507246376811594,0.760869565217391,0.470280765429964,9.56978451808294
26,"COMA_S2S3S4",50,13.5465891111549,0.116952794022879,0.207552925636768,0.392553368985277,0.412555345729429,1242,62,93,24,0.201430669595156,0.218393091894686,2.12410139654757,0.551724137931034,0.799836155106499,0.510936999239545,9.13095758358637
