"id","mother","father"
"11",NA,NA
"12",NA,NA
"13",NA,NA
"14",NA,NA
"15",NA,NA
"16",NA,NA
"17",NA,NA
"18",NA,NA
"19",NA,NA
"20",NA,NA
"21",NA,NA
"22",NA,NA
"23",NA,NA
"24",NA,NA
"25",NA,NA
"26",NA,NA
"27",NA,NA
"28",NA,NA
"29",NA,NA
"30",NA,NA
"31",NA,NA
"32",NA,NA
"33",NA,NA
"34",NA,NA
"35",NA,NA
"36",NA,NA
"37",NA,NA
"38",NA,NA
"39",NA,NA
"40",NA,NA
"10557","12","17"
"10462","12","17"
"13288","15","17"
"13297","15","17"
"10611","12","17"
"4092","4","31"
"10234","11","16"
"5342","5","15"
"7714","8","29"
"10142","11","16"
"29625","11","17"
"30727","12","17"
"29501","11","17"
"30683","12","17"
"29523","11","17"
"30744","12","17"
"26411","8","11"
"29500","11","17"
"26364","8","11"
"30649","12","17"
"45647","9","12"
"42377","5","9"
"49733","12","21"
"45212","8","17"
"42369","5","9"
"45745","9","12"
"54047","18","36"
"49197","11","31"
"49776","12","21"
"50590","13","38"
"68240","12","17"
"66865","9","20"
"67607","9","38"
"64496","4","12"
"67495","9","38"
"72311","17","38"
"68210","12","17"
"62754","3","4"
"62844","3","12"
"62987","3","12"
"89349","12","17"
"88461","11","17"
"90066","12","38"
"89009","11","27"
"83933","5","27"
"90241","13","17"
"89936","12","32"
"89578","12","23"
"99941","39","40"
"86972","9","15"
"118710","10462","10611"
"118241","10557","10462"
"118719","10462","10611"
"119002","13288","13297"
"118282","10557","10462"
"118784","10462","10611"
"118407","10557","10462"
"118832","10462","10611"
"119441","13297","10234"
"102012","12","10611"
"138118","10234","29625"
"136139","10462","10611"
"139944","29523","30744"
"136329","10462","29500"
"139948","29523","30744"
"138185","10234","29625"
"136415","10462","29500"
"138621","5342","29501"
"139599","30727","30683"
"138065","10234","29625"
"155654","29625","30744"
"152595","10234","29625"
"155523","29625","30683"
"148828","10557","29500"
"155275","29625","30727"
"155782","29625","30744"
"157441","30744","29500"
"154625","7714","45647"
"152660","10234","30727"
"149134","10462","5342"
"162208","10462","45647"
"172002","29501","30744"
"173903","29523","45647"
"164497","13297","29625"
"161523","10462","29625"
"160083","10557","30744"
"169299","29625","29523"
"170253","30727","30649"
"171783","30727","67495"
"175690","26364","45647"
"180047","29625","30744"
"199050","88461","99941"
"184069","29523","88461"
"180213","29625","30744"
"189749","49733","88461"
"184120","29523","88461"
"186207","29500","89936"
"180078","29625","30744"
"195121","68240","62844"
"184285","29523","83933"
"218938","118241","118784"
"200661","45647","118832"
"201827","42377","118832"
"219864","118832","102012"
"217020","99941","86972"
"209026","68240","67607"
"212715","67495","118407"
"217421","99941","119002"
"212651","67495","118407"
"209946","68240","102012"
"235713","118719","138118"
"236161","118282","138118"
"237082","118407","136139"
"236574","118282","138185"
"237901","119441","136139"
"236360","118282","139948"
"234307","118710","119002"
"239124","136139","138185"
"235684","118719","138118"
"239059","136139","138185"
"259779","152595","148828"
"256624","136329","138065"
"259763","152595","148828"
"255848","136139","155782"
"255877","136139","155782"
"257032","136329","155782"
"258743","136415","155654"
"260010","154625","149134"
"253837","118832","152595"
"255786","138118","155782"
"265734","118784","172002"
"278723","149134","164497"
"271104","138185","155523"
"271973","138185","161523"
"270604","139948","155654"
"278340","152660","172002"
"279473","161523","171783"
"275936","155654","161523"
"279776","169299","170253"
"271112","138185","155523"
"288278","155654","152660"
"291375","155782","180047"
"295757","164497","180047"
"291279","155782","180047"
"283191","139948","173903"
"295825","164497","180047"
"296741","161523","180047"
"283361","139948","160083"
"296022","164497","184069"
"296815","161523","180047"
"301705","152595","180047"
"301722","152595","180047"
"305685","154625","186207"
"316143","180047","180213"
"302128","152595","184285"
"301834","152595","180047"
"305756","154625","186207"
"301818","152595","180047"
"318754","184285","212715"
"309518","173903","161523"
"329187","180047","218938"
"329482","180047","237901"
"340002","234307","239124"
"323521","164497","236161"
"323782","164497","239124"
"339059","235713","236161"
"331086","184069","234307"
"328901","180047","184285"
"329211","180047","218938"
"329114","180047","218938"
"359051","259763","255848"
"357965","234307","259763"
"357773","234307","235684"
"353190","212651","259763"
"355314","236161","236360"
"351642","212715","236574"
"354375","235713","234307"
"340629","180047","236161"
"354189","235713","236161"
"356619","237082","255848"
"373280","239124","259763"
"379775","271973","279776"
"379771","271973","279776"
"371427","236574","278723"
"379084","271104","278340"
"379475","271973","278340"
"361756","200661","260010"
"379531","271973","278340"
"371443","237901","258743"
"373608","239124","255848"
"392945","255848","288278"
"392863","255848","288278"
"398792","288278","296815"
"396914","271973","279776"
"398555","288278","296741"
"399553","283191","296815"
"392797","255848","279776"
"382780","237082","260010"
"381396","236161","288278"
"393519","255877","295757"
"416416","291375","305685"
"417064","295757","305685"
"400804","259779","296815"
"416970","295757","295825"
"416674","295757","283191"
"416432","291375","305685"
"410249","278723","279776"
"401704","259763","288278"
"412474","271973","316143"
"413744","275936","288278"
"431786","291279","329187"
"439290","323521","339059"
"425547","270604","340002"
"457151","323782","351642"
"446577","283361","357773"
"455330","329187","354189"
"458976","357965","353190"
"459037","357965","353190"
"450365","305685","357773"
"458545","329114","351642"
"453313","301818","357773"
"468961","329187","323521"
"471526","323521","353190"
"472677","323782","379475"
"469412","329187","340629"
"477293","359051","361756"
"477268","359051","361756"
"477578","357965","355314"
"477372","359051","361756"
"478354","351642","379771"
"461083","305685","379771"
"471964","323521","379775"
"497080","371427","371443"
"480897","329187","399553"
"495826","379775","398792"
"493662","340629","381396"
"497501","379084","396914"
"484514","331086","398792"
"498570","361756","392945"
"498201","379475","392797"
"512211","413744","381396"
"518387","417064","412474"
"505225","381396","371427"
"517187","413744","401704"
"508823","413744","361756"
"513196","417064","416416"
"522782","416416","357965"
"539519","431786","413744"
"528735","401704","381396"
"526147","425547","357965"
"528655","401704","381396"
"551006","458976","457151"
"552078","458976","457151"
"543721","457151","416970"
"550794","458976","457151"
"543097","457151","416970"
"559407","459037","458976"
"559766","459037","458976"
"552583","458976","457151"
"543971","457151","416970"
"548616","455330","413744"
"577191","471526","469412"
"567319","469412","458976"
"576988","477578","472677"
"568532","477372","458976"
"562860","472677","457151"
"576592","477268","472677"
"565607","471526","458976"
"562542","472677","457151"
"590107","477578","472677"
"587138","498201","450365"
"592444","498201","472677"
"597060","498201","477578"
"592739","498201","472677"
"589390","498201","468961"
"614393","517187","512211"
"613034","512211","498201"
"619279","518387","513196"
"616980","512211","508823"
"619202","518387","513196"
"615050","512211","505225"
"632937","539519","512211"
"635393","513196","505225"
"623453","522782","458976"
"636531","528655","505225"
"632744","522782","512211"
"638363","539519","526147"
"635293","513196","505225"
"657462","559407","552078"
"653808","548616","539519"
"654296","559407","528655"
"657501","559407","552078"
"651372","550794","513196"
"652944","543971","522782"
"652512","552078","522782"
"676462","576592","548616"
"662281","576592","498201"
"674188","568532","550794"
"678122","576592","562860"
"678465","576592","562860"
"678060","576592","562860"
"698854","592739","592444"
"695105","590107","576592"
"694608","590107","576592"
"695535","597060","576592"
"693789","587138","562860"
"696876","592739","576592"
"698400","597060","587138"
"708880","592739","576592"
"701287","614393","550794"
"713817","614393","592739"
"714490","619279","592739"
"707417","587138","562860"
"739918","638363","635293"
"733677","635293","632744"
"739226","638363","635293"
"725937","592739","587138"
"735337","635293","632744"
"739174","638363","635293"
"726606","635293","587138"
"736578","635393","635293"
"734545","635293","632744"
"733487","635293","632744"
"728566","635293","619279"
"750875","651372","635293"
"751419","651372","635293"
"754263","652512","635293"
"741315","592739","587138"
"751664","651372","635293"
"749415","653808","635293"
"755872","657462","651372"
"779852","678465","678122"
"778191","678465","662281"
"776401","678465","662281"
"776431","678465","662281"
"762798","653808","635293"
"766118","678465","635293"
"795909","694608","678465"
"796800","694608","678465"
"793658","695535","662281"
"816003","708880","694608"
"814378","708880","678465"
"814390","708880","678465"
"834322","739226","707417"
"836402","734545","725937"
"839156","739226","733487"
"828905","736578","678465"
"830028","728566","678465"
"839332","739226","733487"
"828882","736578","678465"
"838007","739226","734545"
"834800","739174","707417"
"839486","739226","733487"
"839085","739226","733487"
"836715","739226","739174"
"828901","736578","678465"
"837917","739226","734545"
"834432","739226","707417"
"833633","739226","708880"
"828884","736578","678465"
"859383","750875","749415"
"847799","708880","678465"
"853687","749415","739226"
"856300","754263","734545"
"841505","733677","662281"
"854384","739226","725937"
"857335","739226","733487"
"852005","741315","739226"
"878362","778191","776431"
"877224","778191","776431"
"878637","778191","776431"
"878846","778191","776431"
"877267","778191","776431"
"897979","796800","776431"
"896634","796800","776431"
"899230","796800","766118"
"916010","814378","776431"
"918308","814378","796800"
"919350","816003","814378"
"931302","834322","814390"
"931723","828901","814390"
"929080","836715","796800"
"928898","834800","796800"
"927982","838007","776431"
"937875","839156","836715"
"934767","834800","828882"
"934863","834800","828882"
"934628","839156","828882"
"928911","834800","796800"
"929056","836715","796800"
"927076","839332","776431"
"934875","834800","828882"
"929157","836715","796800"
"931081","837917","814378"
"948780","834800","834322"
"941661","834800","796800"
"940725","856300","776431"
"957631","847799","828901"
"950778","839156","828905"
"956561","839156","836715"
"953877","839332","828882"
"946404","828905","814378"
"952114","847799","839332"
"949030","834800","834322"
"954619","837917","828882"
"977371","878846","877224"
"978338","878846","877224"
"968955","878846","828882"
"975210","878846","857335"
"968974","878846","828882"
"996802","897979","896634"
"998212","899230","896634"
"998708","899230","896634"
"993253","897979","896634"
"995699","897979","896634"
"995502","897979","896634"
